{
    "F": [
        [
            2.7148320385357967,
            -25.983608289320298,
            7721.843320492387
        ],
        [
            -43.242329805261136,
            -2.6650029375390965,
            39792.29685170592
        ],
        [
            16314.150228091468,
            -22852.02348043002,
            -5688783.311118718
        ]
    ],
    "camLeft": [
        [
            951.1412520696293,
            52.470479870647516,
            -205.91019406470133,
            6884.6059772389335
        ],
        [
            228.12466563161965,
            768.0327639652944,
            388.784937076893,
            12343.307305317503
        ],
        [
            0.6424973132434931,
            -0.06509993501458172,
            0.7635176493939023,
            31.90331904925956
        ]
    ],
    "camRight": [
        [
            127.1799819881041,
            -170.49725418153258,
            951.0929392884087,
            6884.6059772389335
        ],
        [
            -323.9757857452831,
            745.7167956683727,
            363.3387782778111,
            12343.307305317503
        ],
        [
            -0.8188623185317985,
            -0.10329003969752068,
            0.5646199349899117,
            31.90331904925956
        ]
    ],
    "camWorldCenterLeft": [
        [
            -13.872701164867644
        ],
        [
            3.155379910577023
        ],
        [
            -29.841786649417184
        ],
        [
            1.0
        ]
    ],
    "camWorldCenterRight": [
        [
            31.096381115128445
        ],
        [
            2.3087817334393432
        ],
        [
            -10.982945819275736
        ],
        [
            1.0
        ]
    ]
}